SMILES,label,mw,logp,nhbd,nhba,nrbonds,natoms,nhatoms,mr,tpsa,fcharge
CN(C)C(=O)c1ccc(cc1)OC,-11.01,179.094628656,1.397,0,2,2,13,13,51.011500000000034,29.540000000000003,0
CS(=O)(=O)Cl,-4.87,113.954228016,0.18480000000000008,0,2,0,5,5,20.696799999999996,34.14,0
CC(C)C=C,1.83,70.07825032,1.8284,0,0,1,5,5,25.03499999999999,0.0,0
CCc1cnccn1,-5.45,108.06874825599999,1.039,0,2,1,8,8,31.40999999999999,25.78,0
CCCCCCCO,-4.21,116.120115132,1.9491,1,1,5,8,8,35.84479999999999,20.23,0
Cc1cc(cc(c1)O)C,-6.27,122.07316494,2.0090399999999997,1,1,0,9,9,37.5808,20.23,0
CC(C)C(C)C,2.34,86.109550448,2.2984,0,0,1,6,6,29.675999999999984,0.0,0
CCCC(C)(C)O,-3.92,102.104465068,1.5574,1,1,2,7,7,31.205799999999982,20.23,0
C[C@@H]1CCCC[C@@H]1C,1.58,112.12520051199999,2.832600000000001,0,0,0,8,8,36.79599999999999,0.0,0
CC[C@H](C)O,-4.62,74.07316494,0.7771999999999999,1,1,1,5,5,21.971799999999995,20.23,0
C(Br)Br,-1.96,171.852324264,1.7337,0,0,0,3,3,22.720999999999997,0.0,0
CC[C@H](C(C)C)O,-3.88,102.104465068,1.4133,1,1,2,7,7,31.135799999999982,20.23,0
CCc1ccccn1,-4.33,107.073499288,1.644,0,1,1,8,8,33.614999999999995,12.89,0
CCCCC(=O)OCC,-2.49,130.099379688,1.7397,0,2,4,9,9,36.157999999999994,26.3,0
c1ccc(cc1)S,-2.55,110.019021192,1.9753000000000003,1,1,0,7,7,33.694,0.0,0
CC(=CCC/C(=C\CO)/C)C,-4.78,154.135765196,2.671400000000001,1,1,4,11,11,49.50780000000003,20.23,0
c1ccc2c(c1)CCC2,-1.46,118.07825032,2.1753,0,0,0,9,9,38.46700000000001,0.0,0
CCOc1ccccc1,-2.22,122.07316494,2.0853,0,1,2,9,9,37.61100000000001,9.23,0
c1cc(ccc1O)Br,-5.85,171.95237688,2.1547000000000005,1,1,0,8,8,35.80680000000001,20.23,0
CCCC(C)(C)C,2.88,100.12520051199999,2.832600000000001,0,0,1,7,7,34.362999999999985,0.0,0
CC(=O)OCCOC(=O)C,-6.34,146.0579088,0.11260000000000003,0,4,3,10,10,33.26599999999999,52.6,0
CCOP(=S)(OCC)SCSP(=S)(OCC)OCC,-6.1,383.9876164439999,5.005300000000004,0,8,12,19,19,95.12300000000005,36.92,0
C1CCCC(CC1)O,-5.48,114.104465068,1.7015,1,1,0,8,8,33.70879999999999,20.23,0
COC(=O)C1CC1,-4.1,100.052429496,0.5693999999999999,0,2,1,7,7,24.739999999999988,26.3,0
c1ccc(cc1)C#N,-4.1,103.04219916,1.5582799999999999,0,1,0,8,8,31.157,23.79,0
CCCCC#N,-3.52,83.073499288,1.70018,0,1,2,6,6,25.137999999999987,23.79,0
CC(C)(C)O,-4.47,74.07316494,0.7771999999999999,1,1,0,5,5,21.971799999999995,20.23,0
CC(C)C(=O)C(C)C,-2.74,114.104465068,1.8675,0,1,2,8,8,34.682999999999986,17.07,0
CCC=O,-3.43,58.041864812,0.5952999999999999,0,1,1,4,4,16.355,17.07,0
CN(C)C=O,-7.81,73.052763844,-0.2956000000000001,0,1,1,5,5,19.750999999999998,20.310000000000002,0
Cc1ccc(cc1)C,-0.8,106.07825032,2.30344,0,0,0,8,8,35.916,0.0,0
C=CCC=C,0.93,68.062600256,1.7485,0,0,2,5,5,25.01099999999999,0.0,0
Cc1cccc(c1C)Nc2ccccc2C(=O)O,-6.78,241.11027872,3.7452400000000017,2,2,3,18,18,72.60000000000002,49.33,0
CN(C)C(=O)c1ccccc1,-9.29,149.084063972,1.3884,0,1,1,11,11,44.45950000000003,20.310000000000002,0
CCNCC,-4.07,73.08914935199999,0.6157999999999999,1,1,2,5,5,24.217699999999994,12.03,0
CC(C)(C)c1ccc(cc1)O,-5.91,150.104465068,2.6897000000000015,1,1,0,11,11,46.80680000000004,20.23,0
CC(C)CCOC=O,-2.13,116.083729624,1.2055,0,2,4,8,8,31.470999999999982,26.3,0
CCCCCCCCCCO,-3.64,158.167065324,3.119400000000002,1,1,8,11,11,49.69580000000003,20.23,0
CCC(=O)OCC,-2.68,102.06807956,0.9595,0,2,2,7,7,26.923999999999985,26.3,0
CCCCCCCCC,3.13,128.15650064,3.7569000000000026,0,0,6,9,9,43.667000000000016,0.0,0
CC(=O)NC,-10.0,73.052763844,-0.24770000000000003,1,1,0,5,5,19.740699999999997,29.1,0
CCCCCCCC=C,2.06,126.14085057599999,3.5329000000000024,0,0,6,9,9,43.57300000000001,0.0,0
c1ccc2cc(ccc2c1)O,-8.11,144.057514876,2.545400000000001,1,1,0,11,11,45.61280000000003,20.23,0
c1cc(c(cc1Cl)Cl)Cl,-1.12,179.930033136,3.6468000000000007,0,0,0,9,9,41.47200000000001,0.0,0
C([C@H]([C@H]([C@@H]([C@@H](CO)O)O)O)O)O,-23.62,182.079038168,-3.585399999999998,6,6,5,12,12,38.19879999999999,121.38000000000001,0
CCCC(=O)OC,-2.83,102.06807956,0.9595,0,2,2,7,7,26.923999999999985,26.3,0
c1ccc(c(c1)C=O)O,-4.68,122.036779432,1.2046999999999997,1,2,1,9,9,33.494299999999996,37.3,0
C1CNC1,-5.56,57.057849223999995,-0.02030000000000004,1,1,0,4,4,17.4867,12.03,0
CCCNCCC,-3.65,101.12044947999999,1.396,1,1,4,7,7,33.45169999999999,12.03,0
c1ccc(cc1)N,-5.49,93.057849224,1.2687999999999997,1,1,0,7,7,30.854400000000002,26.02,0
C(F)(F)(F)F,3.12,87.99361288,1.4756999999999998,0,0,0,5,5,7.163,0.0,0
CC[C@@H](C)CO,-4.42,88.088815004,1.0248,1,1,2,6,6,26.54079999999999,20.23,0
c1ccc(c(c1)O)I,-6.2,219.93851278,1.9968,1,1,0,8,8,40.82380000000001,20.23,0
COc1cccc(c1O)OC,-6.96,154.06299418,1.4093999999999998,1,3,2,11,11,41.21080000000002,38.69,0
CCC#C,-0.16,54.046950192,1.0295999999999998,0,0,0,4,4,19.124,0.0,0
c1ccc(cc1)C(F)(F)F,-0.25,146.03433482,2.705400000000001,0,0,0,10,10,31.444,0.0,0
NN,-9.3,32.037448128,-1.1812,2,2,0,2,2,8.3748,52.04,0
Cc1ccccn1,-4.63,93.057849224,1.39002,0,1,0,7,7,28.973999999999993,12.89,0
CCNc1nc(nc(n1)Cl)NCC,-10.22,201.07812306399998,1.3885999999999998,2,5,4,13,13,53.164400000000015,62.730000000000004,0
c1ccc2c(c1)Oc3cc(c(cc3O2)Cl)Cl,-3.56,251.974484792,4.891400000000001,0,2,0,16,16,63.05200000000003,18.46,0
CCCCCCCCN,-3.65,129.151749608,2.3056,1,1,6,9,9,42.430400000000006,26.02,0
N,-4.29,17.026549096,0.16199999999999998,1,1,0,1,1,5.0221,35.0,0
c1ccc(c(c1)C(F)(F)F)C(F)(F)F,1.07,214.021719448,3.7242000000000006,0,0,0,14,14,36.44600000000001,0.0,0
COC(=O)c1ccc(cc1)O,-9.51,152.047344116,1.1788,1,3,1,11,11,39.446300000000015,46.53,0
CCCCCc1ccccc1,-0.23,148.125200512,3.4193000000000024,0,0,4,11,11,49.67100000000004,0.0,0
CC(F)F,-0.11,66.028106568,1.2714,0,0,0,4,4,11.678000000000003,0.0,0
c1ccc(cc1)n2c(=O)c(c(cn2)N)Cl,-16.43,221.035589556,1.4680999999999997,1,4,1,15,15,59.256400000000006,60.91,0
C=CC=C,0.56,54.046950192,1.3584,0,0,1,4,4,20.393999999999995,0.0,0
CN(C)C,-3.2,59.073499287999994,0.17779999999999996,0,1,0,4,4,19.610999999999997,3.24,0
CCCCCC(=O)N,-9.31,115.099714036,1.052,1,1,4,8,8,33.33639999999998,43.09,0
CC(C)CO[N+](=O)[O-],-1.88,119.058243148,0.8507,0,3,3,8,8,27.78439999999999,52.370000000000005,0
c1ccc2c(c1)C(=O)c3cccc(c3C2=O)NCCO,-14.21,267.08954327600003,1.8661999999999996,2,4,3,20,20,75.32450000000001,66.4,0
C(CO[N+](=O)[O-])O,-8.18,107.02185764000001,-0.8130000000000002,1,4,3,7,7,20.032199999999996,72.60000000000001,0
CCCCCCC(=O)C,-2.88,128.120115132,2.5458000000000007,0,1,5,9,9,39.440000000000005,17.07,0
CN1CCNCC1,-7.77,100.10004838399999,-0.4785999999999999,1,2,0,7,7,30.366699999999987,15.27,0
CCN,-4.5,45.057849223999995,-0.03499999999999981,1,1,0,3,3,14.728400000000002,26.02,0
C1C=CC=CC=C1,-0.99,92.062600256,2.0587,0,0,0,7,7,32.036999999999985,0.0,0
c1ccc2c(c1)Cc3ccccc3C2,-3.78,180.093900384,3.1816000000000013,0,0,0,14,14,58.49600000000003,0.0,0
CC(Cl)Cl,-0.84,97.969005488,1.81,0,0,0,4,4,21.167999999999992,0.0,0
COc1cccc(c1)O,-7.66,124.052429496,1.4007999999999996,1,2,1,9,9,34.6588,29.46,0
c1cc2cccc3c2c(c1)CC3,-3.15,154.07825032,2.9384000000000015,0,0,0,12,12,51.35600000000002,0.0,0
CCCCCCCCBr,0.52,192.051362644,3.741800000000003,0,0,6,9,9,47.17000000000003,0.0,0
c1ccc(cc1)CO,-6.62,108.057514876,1.1788999999999998,1,1,1,8,8,32.364799999999995,20.23,0
c1c(c(=O)[nH]c(=O)[nH]1)Br,-18.17,189.937789436,-0.17430000000000012,2,2,0,9,9,35.383399999999995,65.72,0
CCCC,2.1,58.078250319999995,1.8064,0,0,1,4,4,20.581999999999997,0.0,0
CCl,-0.55,49.992327775999996,0.855,0,0,0,2,2,11.777000000000001,0.0,0
CC(C)CBr,-0.03,135.988762388,2.0373,0,0,1,5,5,28.631999999999987,0.0,0
CC(C)SC(C)C,-1.21,118.08162144799999,2.5364000000000004,0,1,2,7,7,37.863,0.0,0
CCCCCCC,2.67,100.12520051199999,2.976700000000002,0,0,4,7,7,34.432999999999986,0.0,0
c1cnc[nH]1,-9.63,68.037448128,0.40969999999999995,1,1,0,5,5,18.5877,28.68,0
c1cc2c(cc1Cl)Oc3cc(c(c(c3O2)Cl)Cl)Cl,-3.84,319.896540088,6.1982,0,2,0,18,18,73.07200000000002,18.46,0
CC[C@H](C)n1c(=O)c(c([nH]c1=O)C)Br,-9.73,260.016039756,1.57852,1,3,2,14,14,58.76170000000002,54.86,0
C(I)I,-2.49,267.824596064,1.8139,0,0,0,3,3,32.907,0.0,0
CCCN(CCC)C(=O)SCCC,-4.13,203.134385292,3.3716000000000026,0,2,6,13,13,60.30000000000004,20.310000000000002,0
C[N+](=O)[O-],-4.02,61.016378336,-0.10710000000000008,0,2,0,4,4,12.9184,43.14,0
CCOC,-2.1,60.057514876,0.6527000000000001,0,1,1,4,4,17.55,9.23,0
COC(CCl)(OC)OC,-4.59,154.039671892,0.8182,0,3,4,9,9,34.477999999999994,27.69,0
CC(C)C,2.3,58.078250319999995,1.6622999999999999,0,0,0,4,4,20.511999999999997,0.0,0
CC(C)CC(=O)O,-6.09,102.06807956,1.1171,1,1,2,7,7,27.090799999999987,37.3,0
CCOP(=O)(OCC)O/C(=C/Cl)/c1ccc(cc1Cl)Cl,-7.07,357.96952859799995,5.7283000000000035,0,4,7,20,20,82.23550000000003,44.760000000000005,0
CCCCl,-0.33,78.023627904,1.6352,0,0,1,4,4,21.010999999999996,0.0,0
CCCSCCC,-1.28,118.08162144799999,2.539600000000001,0,1,4,7,7,37.907000000000004,0.0,0
CCC[C@H](CC)O,-4.06,102.104465068,1.5574,1,1,3,7,7,31.205799999999982,20.23,0
CC#N,-3.88,41.026549096,0.52988,0,1,0,3,3,11.287,23.79,0
CN(CC(F)(F)F)c1ccccc1,-1.92,189.07653398,2.685100000000001,0,1,2,13,13,45.76700000000003,3.24,0
[C@@H](C(F)(F)F)(OC(F)F)Cl,0.1,183.971433464,2.3528000000000002,0,1,2,10,10,22.785,9.23,0
C=CCCC=C,1.01,82.07825032,2.1386000000000003,0,0,3,6,6,29.627999999999986,0.0,0
Cc1cccc(c1)C,-0.83,106.07825032,2.30344,0,0,0,8,8,35.916,0.0,0
CC(=O)OC,-3.13,74.036779432,0.17930000000000001,0,2,0,5,5,17.689999999999998,26.3,0
COC(c1ccccc1)(OC)OC,-4.04,182.094294308,1.7360999999999998,0,3,4,13,13,49.147000000000034,27.69,0
CCOC(=O)c1ccccc1,-3.64,150.06807956,1.8633,0,2,2,11,11,42.39850000000003,26.3,0
CCCS,-1.1,76.034671256,1.3262,1,1,1,4,4,24.14399999999999,0.0,0
CCCCCC(=O)C,-3.04,114.104465068,2.1557000000000004,0,1,4,8,8,34.822999999999986,17.07,0
CC1(Cc2cccc(c2O1)OC(=O)NC)C,-9.61,221.10519334,2.1182999999999996,1,3,1,16,16,59.93670000000004,47.56,0
c1ccc(cc1)CBr,-2.38,169.973112324,2.581500000000001,0,0,1,8,8,39.073000000000015,0.0,0
CCCCCC(=O)OCC,-2.23,144.115029752,2.1298000000000004,0,2,5,10,10,40.775000000000006,26.3,0
CCCOC,-1.66,74.07316494,1.0428,0,1,2,5,5,22.166999999999994,9.23,0
CN1CCOCC1,-6.32,101.084063972,-0.05160000000000009,0,2,0,7,7,28.315999999999985,12.47,0
c1cc(cc(c1)O)C#N,-9.65,119.03711378,1.2638799999999997,1,2,0,9,9,32.821799999999996,44.019999999999996,0
c1cc(c(cc1c2c(c(cc(c2Cl)Cl)Cl)Cl)Cl)Cl,-4.38,357.844416208,7.274,0,0,1,18,18,81.938,0.0,0
CCCc1ccccc1,-0.53,120.093900384,2.639100000000001,0,0,2,9,9,40.43700000000001,0.0,0
Cn1cnc2c1c(=O)n(c(=O)n2C)C,-12.64,194.08037556,-1.0293,0,6,0,14,14,51.19600000000001,61.82,0
CNC,-4.29,45.057849223999995,-0.1644000000000001,1,1,0,3,3,14.983700000000002,12.03,0
C(=C(F)F)(C(F)(F)F)F,2.93,149.99041932,2.6262999999999996,0,0,0,9,9,16.405,0.0,0
c1cc(ccc1O)Cl,-7.03,128.00289246,2.0456000000000008,1,1,0,8,8,33.1168,20.23,0
C1CCNCC1,-5.11,85.08914935199999,0.7599,1,1,0,6,6,26.72069999999999,12.03,0
c1ccc2c(c1)ccc3c2cccc3,-3.88,178.07825032,3.993000000000002,0,0,0,14,14,61.454000000000036,0.0,0
CI,-0.89,141.927948096,1.0512000000000001,0,0,0,2,2,19.943999999999996,0.0,0
COc1c(cc(c(c1O)OC)Cl)Cl,-6.44,221.985049476,2.7162000000000006,1,3,2,13,13,51.230800000000016,38.69,0
C(=C/Cl)\Cl,-0.78,95.953355424,1.9352,0,0,0,4,4,20.845999999999997,0.0,0
CCCCC,2.3,72.093900384,2.1965000000000003,0,0,2,5,5,25.19899999999999,0.0,0
CCCC#N,-3.64,69.057849224,1.31008,0,1,1,5,5,20.520999999999994,23.79,0
[C@@H](C(F)(F)F)(F)Br,0.5,179.919775012,2.2392000000000003,0,0,0,7,7,19.878,0.0,0
CC(C)Cc1cnccn1,-5.04,136.100048384,1.6751,0,2,2,10,10,40.57400000000001,25.78,0
CC[C@H](C)O[N+](=O)[O-],-1.82,119.058243148,0.9932,0,3,3,8,8,27.83239999999999,52.370000000000005,0
c1ccc(cc1)c2cc(ccc2Cl)Cl,-2.46,222.000305616,4.660400000000001,0,0,1,14,14,61.898000000000025,0.0,0
c1ccc(cc1)c2cc(c(c(c2Cl)Cl)Cl)Cl,-3.48,289.922360912,5.967200000000001,0,0,1,16,16,71.91800000000002,0.0,0
CC[C@@H](C)C(C)C,2.52,100.12520051199999,2.6885000000000012,0,0,2,7,7,34.292999999999985,0.0,0
C[C@H](CC(C)C)O,-3.73,102.104465068,1.4133,1,1,2,7,7,31.135799999999982,20.23,0
C1CCOCC1,-3.12,86.07316494,1.1869,0,1,0,6,6,24.66999999999999,9.23,0
C1CC1,0.75,42.046950192,1.1703,0,0,0,3,3,13.851000000000003,0.0,0
c1c(cc(c(c1Cl)Cl)Cl)c2cc(c(c(c2Cl)Cl)Cl)Cl,-3.17,391.805443856,7.9274000000000004,0,0,1,19,19,86.948,0.0,0
C=C(Cl)Cl,0.25,95.953355424,1.9352,0,0,0,4,4,20.845999999999997,0.0,0
CC(C)CO,-4.5,74.07316494,0.6347,1,1,1,5,5,21.923799999999996,20.23,0
CCCOC(=O)CC,-2.44,116.083729624,1.3496000000000001,0,2,3,8,8,31.540999999999983,26.3,0
C(C(Cl)(Cl)Cl)(Cl)(Cl)Cl,-0.64,233.81311608,3.7268,0,0,0,8,8,40.580000000000005,0.0,0
CSc1ccccc1,-2.73,124.034671256,2.4085,0,1,1,8,8,38.22300000000001,0.0,0
CCc1ccccc1O,-5.66,122.07316494,1.9545999999999997,1,1,1,9,9,37.48480000000001,20.23,0
CC(C)(C)Cl,1.09,92.039277968,2.0237,0,0,0,5,5,25.605999999999987,0.0,0
CC(=C)C=C,0.68,68.062600256,1.7485,0,0,1,5,5,25.01099999999999,0.0,0
Cc1ccc(cc1)C(C)C,-0.68,134.109550448,3.118420000000002,0,0,1,10,10,45.26800000000003,0.0,0
Cn1ccnc1,-8.41,82.053098192,0.4200999999999999,0,2,0,6,6,23.20799999999999,17.82,0
C(CO)O,-9.3,62.036779432,-1.029,2,2,1,4,4,14.171600000000002,40.46,0
c1ccc(c(c1)Cl)Cl,-1.36,145.969005488,2.9934000000000003,0,0,0,8,8,36.46200000000001,0.0,0
c1c(=O)[nH]c(=O)[nH]c1Cl,-15.83,145.988305016,-0.2834000000000002,2,2,0,9,9,32.6934,65.72,0
CCCOC=O,-2.48,88.052429496,0.5694,0,2,3,6,6,22.306999999999995,26.3,0
c1ccc2c(c1)Oc3ccc(cc3O2)Cl,-3.1,218.013457144,4.238000000000001,0,2,0,15,15,58.04200000000002,18.46,0
CCCCCC(=O)O,-6.21,116.083729624,1.6513,1,1,4,8,8,31.77779999999998,37.3,0
CCOC(=O)CCC(=O)OCC,-5.71,174.089208928,0.8927999999999999,0,4,5,12,12,42.500000000000014,52.60000000000001,0
Cc1ccnc(c1)C,-4.86,107.073499288,1.69844,0,1,0,8,8,33.71099999999999,12.89,0
C1CCC=CC1,0.14,82.07825032,2.1166,0,0,0,6,6,27.607999999999986,0.0,0
CN1CCN(CC1)C,-7.58,114.11569844799999,-0.13640000000000008,0,2,0,8,8,34.99399999999999,6.48,0
c1cc(c(cc1c2cc(c(c(c2Cl)Cl)Cl)Cl)Cl)Cl,-3.04,357.844416208,7.274,0,0,1,18,18,81.938,0.0,0
C1=CC(=O)C=CC1=O,-6.5,108.021129368,0.25059999999999993,0,2,0,8,8,28.29399999999999,34.14,0
COC(=O)CCl,-4.0,107.99780708,0.3981999999999999,0,2,1,6,6,22.735999999999994,26.3,0
CCCC=O,-3.18,72.057514876,0.9854,0,1,2,5,5,20.971999999999994,17.07,0
CCc1ccccc1,-0.79,106.07825032,2.2490000000000006,0,0,1,8,8,35.82,0.0,0
C(=C(Cl)Cl)Cl,-0.44,129.914383072,2.5017000000000005,0,0,0,5,5,25.642,0.0,0
CCN(CC)CC,-3.22,101.12044947999999,1.3481,0,1,3,7,7,33.46199999999998,3.24,0
c1cc2c(cc1Cl)Oc3c(c(c(c(c3Cl)Cl)Cl)Cl)O2,-4.15,353.85756773599996,6.8515999999999995,0,2,0,19,19,78.08200000000001,18.46,0
Cc1ccncc1C,-5.22,107.073499288,1.69844,0,1,0,8,8,33.71099999999999,12.89,0
c1(=O)[nH]c(=O)[nH]c(=O)[nH]1,-18.06,129.017440956,-2.2485000000000004,3,3,0,9,9,28.304100000000002,98.57999999999998,0
c1ccc(cc1)C=O,-4.02,106.041864812,1.4990999999999999,0,1,1,8,8,31.829499999999996,17.07,0
c1ccnc(c1)Cl,-4.39,113.003226808,1.7349999999999999,0,1,0,7,7,29.246999999999993,12.89,0
C=CCCl,-0.57,76.00797784,1.4112,0,0,1,4,4,20.916999999999994,0.0,0
Cc1ccc(cc1)C(=O)C,-4.7,134.07316494,2.1976199999999997,0,1,1,10,10,41.183500000000016,17.07,0
C=O,-2.75,30.010564684,-0.1849,0,1,0,2,2,7.121,17.07,0
Cc1ccccc1Cl,-1.14,126.023627904,2.6484200000000007,0,0,0,8,8,36.189,0.0,0
CC(=O)N1CCCC1,-9.8,113.084063972,0.6287,0,1,0,8,8,31.487999999999985,20.310000000000002,0
CC(OC)(OC)OC,-4.42,120.078644244,0.5992999999999999,0,3,3,8,8,29.431999999999984,27.69,0
CCCCc1ccccc1,-0.4,134.109550448,3.0292000000000012,0,0,3,10,10,45.05400000000003,0.0,0
CN(C)c1ccccc1,-3.45,121.08914935199999,1.7526,0,1,1,9,9,40.76900000000002,3.24,0
CC(C)OC,-2.01,74.07316494,1.0412,0,1,1,5,5,22.144999999999992,9.23,0
c12c(c(c(c(c1Cl)Cl)Cl)Cl)Oc3c(c(c(c(c3Cl)Cl)Cl)Cl)O2,-4.53,455.74065068,8.811800000000002,0,2,0,22,22,93.11199999999998,18.46,0
c1(c(c(c(c(c1Cl)Cl)Cl)Cl)Cl)c2c(c(c(c(c2Cl)Cl)Cl)Cl)Cl,-2.98,493.6885268,9.8876,0,0,1,22,22,101.97799999999997,0.0,0
C(C(Cl)Cl)Cl,-1.99,131.930033136,2.0289,0,0,1,5,5,26.213999999999995,0.0,0
CNc1ccccc1,-4.69,107.073499288,1.7283,1,1,1,8,8,35.98870000000001,12.03,0
CC(C)OC(=O)C,-2.64,102.06807956,0.9579,0,2,1,7,7,26.901999999999987,26.3,0
c1ccccc1,-0.9,78.046950192,1.6866,0,0,0,6,6,26.441999999999993,0.0,0
c1cc(c(c(c1)Cl)Cl)Cl,-1.24,179.930033136,3.6468000000000007,0,0,0,9,9,41.47200000000001,0.0,0
CCOP(=S)(OCC)SCSc1ccc(cc1)Cl,-6.5,341.973857062,5.420300000000004,0,5,8,18,18,87.30400000000003,18.46,0
COP(=S)(OC)SCn1c(=O)c2ccccc2nn1,-10.03,317.00576987400007,1.9994999999999998,0,8,5,19,19,79.69200000000002,66.24000000000001,0
c1ccc2c(c1)Oc3c(cc(c(c3O2)Cl)Cl)Cl,-4.05,285.93551244,5.5448,0,2,0,17,17,68.06200000000001,18.46,0
CC(=C)C(=C)C,0.4,82.07825032,2.1386000000000003,0,0,1,6,6,29.627999999999986,0.0,0
CCCCC=C,1.58,84.093900384,2.3626000000000005,0,0,3,6,6,29.721999999999984,0.0,0
S,-0.7,33.987721064,0.11280000000000001,0,0,0,1,1,10.381,0.0,0
CCOCC,-1.59,74.07316494,1.0428000000000002,0,1,2,5,5,22.166999999999994,9.23,0
CCNc1nc(nc(n1)SC)NC(C)C,-7.65,227.12046654399998,1.8455999999999997,2,6,5,15,15,64.53040000000003,62.730000000000004,0
CCCCOC(=O)c1ccc(cc1)O,-8.72,194.094294308,2.3491000000000004,1,3,4,14,14,53.297300000000035,46.53,0
CCCCCCOC(=O)C,-2.26,144.115029752,2.1298000000000004,0,2,5,10,10,40.775000000000006,26.3,0
C1CCC(=O)C1,-4.7,84.057514876,1.1295,0,1,0,6,6,23.47499999999999,17.07,0
CCCCC(=O)O,-6.16,102.06807956,1.2612,1,1,3,7,7,27.160799999999988,37.3,0
CCBr,-0.74,107.95746226,1.4012,0,0,0,3,3,19.467999999999996,0.0,0
Cc1ccc2cc(ccc2c1)C,-2.63,156.093900384,3.456640000000002,0,0,0,12,12,53.42200000000003,0.0,0
CCCCCCO,-4.4,102.104465068,1.559,1,1,4,7,7,31.22779999999998,20.23,0
c1ccc(cc1)c2ccccc2Cl,-2.69,188.039277968,4.0070000000000014,0,0,1,13,13,56.88800000000003,0.0,0
CC1=CCCCC1,0.67,96.093900384,2.5067000000000004,0,0,0,7,7,32.22499999999999,0.0,0
CCCCCCO[N+](=O)[O-],-1.66,147.089543276,1.775,0,3,6,10,10,37.0884,52.370000000000005,0
C(Br)(Br)Br,-2.13,249.762836332,2.4547,0,0,0,4,4,30.569,0.0,0
CCc1ccc(cc1)O,-6.13,122.07316494,1.9545999999999997,1,1,1,9,9,37.48480000000001,20.23,0
CCCOCCO,-6.4,104.083729624,0.40530000000000005,1,2,4,7,7,28.195799999999988,29.46,0
c1ccc(cc1)OC=O,-3.82,122.036779432,1.2217999999999996,0,2,2,9,9,33.134,26.3,0
c1c(c(=O)[nH]c(=O)[nH]1)I,-18.72,237.923925336,-0.3322,2,2,0,9,9,40.40039999999999,65.72,0
CCCC(=O)O,-6.35,88.052429496,0.8711,1,1,2,6,6,22.543799999999994,37.3,0
COC(C(F)(F)F)(OC)OC,-0.8,174.050378808,1.1417,0,3,3,11,11,29.81299999999999,27.69,0
C1[C@H]([C@@H]([C@H]([C@H](O1)O)O)O)O,-20.52,150.05282342,-2.5823,4,5,0,10,10,29.979199999999988,90.15,0
C(F)(F)(F)Br,1.79,147.91354676,1.9011,0,0,0,5,5,14.982,0.0,0
CCCCO,-4.72,74.07316494,0.7787999999999999,1,1,2,5,5,21.993799999999997,20.23,0
c1ccc(cc1)F,-0.8,96.03752838,1.8257,0,0,0,7,7,26.399999999999995,0.0,0
CCOC(=O)C,-2.94,88.052429496,0.5694,0,2,1,6,6,22.30699999999999,26.3,0
CC(C)COC(=O)C(C)C,-1.69,144.115029752,1.8416000000000001,0,2,3,10,10,40.635000000000005,26.3,0
CC(C)(C)OC,-2.21,88.088815004,1.4313,0,1,0,6,6,26.761999999999986,9.23,0
C1=C[C@@H]([C@@H]2[C@H]1[C@@]3(C(=C([C@]2(C3(Cl)Cl)Cl)Cl)Cl)Cl)Cl,-2.55,369.82109392,5.2415,0,0,0,17,17,76.09800000000001,0.0,0
CCC(=O)CC,-3.41,86.07316494,1.3755,0,1,2,6,6,25.588999999999988,17.07,0
COC(=O)C(F)(F)F,-1.1,128.008513996,0.7216999999999999,0,2,0,8,8,18.070999999999998,26.3,0
c1ccc2ccccc2c1,-2.4,128.062600256,2.839800000000001,0,0,0,10,10,43.94800000000003,0.0,0
c1cc(c(c(c1c2cc(c(c(c2Cl)Cl)Cl)Cl)Cl)Cl)Cl,-4.4,391.805443856,7.9274,0,0,1,19,19,86.948,0.0,0
CC(=O)Oc1ccccc1C(=O)O,-9.94,180.042258736,1.3101,1,3,2,13,13,44.71030000000002,63.60000000000001,0
CC(=O)C(C)(C)C,-3.11,100.088815004,1.6215,0,1,0,7,7,30.13599999999998,17.07,0
COS(=O)(=O)C,-4.87,110.003765052,-0.40759999999999996,0,3,1,6,6,21.85279999999999,43.370000000000005,0
CCc1ccncc1,-4.73,107.073499288,1.644,0,1,1,8,8,33.614999999999995,12.89,0
CC(C)NC(C)C,-3.22,101.12044947999999,1.3927999999999998,1,1,2,7,7,33.407699999999984,12.03,0
c1cc2c(cc1Cl)Oc3ccc(cc3O2)Cl,-3.67,251.974484792,4.891400000000001,0,2,0,16,16,63.05200000000002,18.46,0
CCCCCCCN,-3.79,115.13609954399999,1.9155,1,1,5,8,8,37.81339999999999,26.02,0
CC1CCCC1,1.59,84.093900384,2.1965000000000003,0,0,0,6,6,27.631999999999984,0.0,0
CCC,2.0,44.062600255999996,1.4163,0,0,0,3,3,15.965000000000003,0.0,0
C[C@H]1CCCO1,-3.3,86.07316494,1.1853,0,1,0,6,6,24.64799999999999,9.23,0
CNC(=O)Oc1cccc2c1cccc2,-9.45,201.078978592,2.5580000000000007,1,2,1,15,15,59.03170000000003,38.33,0
c1cc(cc(c1)O)C=O,-9.52,122.036779432,1.2046999999999997,1,2,1,9,9,33.494299999999996,37.3,0
c1ccc2cc3ccccc3cc2c1,-3.95,178.07825032,3.993000000000002,0,0,0,14,14,61.45400000000003,0.0,0
C(Cl)Cl,-1.31,83.953355424,1.4215,0,0,0,3,3,16.573,0.0,0
CC(C)(C)C(=O)OC,-2.4,116.083729624,1.2055,0,2,0,8,8,31.470999999999982,26.3,0
C([N+](=O)[O-])(Cl)(Cl)Cl,-1.45,162.89946128,1.5908,0,2,0,7,7,27.284399999999998,43.14,0
C1CC[S+2](C1)([O-])[O-],-8.61,120.024500496,0.19500000000000006,0,2,0,7,7,27.88779999999999,46.12,0
Cc1cccc(c1O)C,-5.26,122.07316494,2.0090399999999997,1,1,0,9,9,37.5808,20.23,0
Cc1cccc(c1)O,-5.49,108.057514876,1.7006199999999996,1,1,0,8,8,32.843799999999995,20.23,0
c1ccc2c(c1)C(=O)c3c(ccc(c3C2=O)O)N,-9.53,239.058243148,1.7497999999999998,2,4,0,18,18,65.82620000000001,80.39,0
c1ccc2c(c1)C(=O)c3c(ccc(c3C2=O)N)N,-11.85,238.07422756,1.6263999999999998,2,4,0,18,18,68.5738,86.17999999999999,0
CCCCCCCC(=O)C,-2.49,142.135765196,2.935900000000001,0,1,6,10,10,44.057000000000016,17.07,0
CCCCN,-4.24,73.08914935199999,0.7452000000000001,1,1,2,5,5,23.9624,26.02,0
CCCC(=O)OCC,-2.49,116.083729624,1.3496000000000001,0,2,3,8,8,31.540999999999983,26.3,0
Cc1ccc(cc1)N,-5.57,107.073499288,1.5772199999999998,1,1,0,8,8,35.59139999999999,26.02,0
CCCCCCI,0.08,212.006198416,3.0017000000000014,0,0,4,7,7,43.02900000000002,0.0,0
C(C(F)(Cl)Cl)(F)(F)Cl,1.77,185.9017677,2.9189,0,0,1,8,8,26.345,0.0,0
COP(=O)(OC)OC,-8.7,140.02384539800002,1.0337,0,4,3,8,8,28.633499999999987,44.760000000000005,0
c1cc(cc(c1)Cl)Cl,-0.98,145.969005488,2.9934000000000003,0,0,0,8,8,36.46200000000001,0.0,0
Cc1cc(c2ccccc2c1)C,-2.47,156.093900384,3.456640000000002,0,0,0,12,12,53.42200000000003,0.0,0
CCCC(C)C,2.51,86.109550448,2.442500000000001,0,0,2,6,6,29.74599999999998,0.0,0
CCOP(=S)(OCC)Oc1c(cc(c(n1)Cl)Cl)Cl,-5.04,348.926283882,4.718100000000002,0,5,6,18,18,77.43200000000002,40.58,0
C(C(F)(F)F)Cl,0.06,117.979712404,1.7875,0,0,0,6,6,16.775000000000002,0.0,0
C=C,1.28,28.031300127999998,0.8022,0,0,0,2,2,11.254000000000001,0.0,0
CCCCCI,-0.14,197.990548352,2.611600000000001,0,0,3,6,6,38.412000000000006,0.0,0
COC(OC)OC,-4.42,106.06299418,0.20920000000000005,0,3,3,7,7,24.81499999999999,27.69,0
CCCCCCCCCC,3.16,142.172150704,4.147000000000004,0,0,7,10,10,48.28400000000003,0.0,0
C[C@@H](CO[N+](=O)[O-])O[N+](=O)[O-],-4.95,166.022585912,-0.20850000000000013,0,6,5,11,11,30.487799999999996,104.74000000000001,0
CC=C,1.32,42.046950192,1.1923000000000001,0,0,0,3,3,15.871000000000002,0.0,0
Cc1c[nH]c2c1cccc2,-5.88,131.073499288,2.4763200000000003,1,0,0,10,10,43.03570000000002,15.79,0
COP(=O)([C@H](C(Cl)(Cl)Cl)O)OC,-12.74,255.922578406,2.1609,1,4,3,12,12,47.92130000000002,55.760000000000005,0
C1CCCCC1,1.23,84.093900384,2.3406000000000002,0,0,0,6,6,27.701999999999984,0.0,0
CC(=CCC/C(=C/CO)/C)C,-4.45,154.135765196,2.671400000000001,1,1,4,11,11,49.50780000000003,20.23,0
CC(C)c1ccccc1,-0.3,120.093900384,2.8100000000000014,0,0,1,9,9,40.53100000000002,0.0,0
CC(C)C(C)C(C)C,2.56,114.14085057599999,2.9345000000000017,0,0,2,8,8,38.839999999999996,0.0,0
CC(C)C(=O)C,-3.24,86.07316494,1.2314,0,1,1,6,6,25.518999999999988,17.07,0
CCCCNCCCC,-3.24,129.151749608,2.1761999999999997,1,1,6,9,9,42.68570000000001,12.03,0
CCCCS,-0.99,90.05032132,1.7163,1,1,2,5,5,28.76099999999999,0.0,0
c1ccc2c(c1)Oc3c(c(c(c(c3Cl)Cl)Cl)Cl)O2,-3.81,319.89654008799994,6.1982,0,2,0,18,18,73.07200000000002,18.46,0
COc1c(c(c(c(c1Cl)C=O)Cl)OC)O,-8.68,249.979964096,2.528700000000001,1,4,3,15,15,56.61830000000002,55.760000000000005,0
C1CCC(CC1)N,-4.59,99.10479941599999,1.2778,1,1,0,7,7,31.060399999999987,26.02,0
C(F)(F)Cl,-0.5,85.973484152,1.4478,0,0,0,4,4,11.857000000000001,0.0,0
COC(=O)c1ccc(cc1)[N+](=O)[O-],-6.88,181.037507704,1.3814,0,4,2,13,13,44.43590000000002,69.44,0
CC(=O)c1cccnc1,-8.26,121.052763844,1.2842,0,2,1,9,9,34.2415,29.96,0
CC#C,-0.48,40.031300128,0.6395,0,0,0,3,3,14.507000000000001,0.0,0
CCCCCCCCC=O,-2.07,142.135765196,2.935900000000001,0,1,7,10,10,44.057000000000016,17.07,0
CCC(=O)O,-6.46,74.036779432,0.481,1,1,1,5,5,17.9268,37.3,0
C(Cl)(Cl)Cl,-1.08,117.91438307199999,1.9864,0,0,0,4,4,21.346999999999998,0.0,0
Cc1cccc(c1C)C,-1.21,120.093900384,2.611860000000001,0,0,0,9,9,40.65300000000001,0.0,0
C,2.0,16.031300127999998,0.6361,0,0,0,1,1,6.731,0.0,0
c1ccc(cc1)CCl,-1.93,126.023627904,2.4254000000000007,0,0,1,8,8,35.999,0.0,0
CC1CCCCC1,1.7,98.109550448,2.5866000000000007,0,0,0,7,7,32.24899999999998,0.0,0
Cc1cccs1,-1.38,98.019021192,2.05652,0,1,0,6,6,29.05599999999999,0.0,0
c1ccncc1,-4.69,79.04219916,1.0816,0,1,0,6,6,24.236999999999995,12.89,0
CCCCCl,-0.16,92.039277968,2.0253,0,0,2,5,5,25.62799999999999,0.0,0
C[C@H]1CC[C@@H](O1)C,-2.92,100.088815004,1.5737999999999999,0,1,0,7,7,29.242999999999984,9.23,0
Cc1ccc(c(c1)OC)O,-5.8,138.06807956,1.70922,1,2,1,10,10,39.39580000000001,29.46,0
C1[C@H]([C@@H]2[C@H]([C@H]1Cl)[C@]3(C(=C([C@@]2(C3(Cl)Cl)Cl)Cl)Cl)Cl)Cl,-3.44,405.797771632,5.6828,0,0,0,18,18,81.21600000000001,0.0,0
Cc1ccccc1,-0.9,92.062600256,1.99502,0,0,0,7,7,31.17899999999999,0.0,0
CC(C)COC=O,-2.22,102.06807956,0.8154,0,2,3,7,7,26.853999999999985,26.3,0
CCOC(=O)c1ccc(cc1)O,-9.2,166.06299418,1.5688999999999997,1,3,2,12,12,44.06330000000003,46.53,0
CCOCCOCC,-3.54,118.099379688,1.0594000000000001,0,2,5,8,8,32.98599999999998,18.46,0
CCCCCOC(=O)CC,-2.11,144.115029752,2.1298000000000004,0,2,5,10,10,40.775000000000006,26.3,0
CCCc1ccc(cc1)O,-5.21,136.088815004,2.344700000000001,1,1,2,10,10,42.10180000000002,20.23,0
CC=C(C)C,1.31,70.07825032,1.9725,0,0,0,5,5,25.10499999999999,0.0,0
C(CCl)Cl,-1.79,97.969005488,1.464,0,0,1,4,4,21.439999999999994,0.0,0
CCC(C)(C)CC,2.56,100.12520051199999,2.832600000000001,0,0,2,7,7,34.362999999999985,0.0,0
Cc1cc2ccccc2cc1C,-2.78,156.093900384,3.456640000000002,0,0,0,12,12,53.42200000000003,0.0,0
Cc1cccc(n1)C,-4.59,107.073499288,1.69844,0,1,0,8,8,33.71099999999999,12.89,0
COC(C(Cl)Cl)(F)F,-1.12,163.960726548,2.0293,0,1,2,8,8,27.449999999999996,9.23,0
CCOCCOC(=O)C,-5.31,132.078644244,0.586,0,3,4,9,9,33.12599999999999,35.53,0
COc1cccc(c1)N,-7.29,123.068413908,1.2773999999999999,1,2,1,9,9,37.4064,35.25,0
c1cc(cnc1)C=O,-7.1,107.03711378,0.8940999999999999,0,2,1,8,8,29.624499999999994,29.96,0
CCC(C)(C)O,-4.43,88.088815004,1.1673,1,1,1,6,6,26.58879999999999,20.23,0
CCc1cccc(c1N(COC)C(=O)CCl)CC,-8.21,269.11825656,2.9871000000000016,0,2,6,18,18,75.28000000000004,29.54,0
Cn1cccc1,-2.89,81.057849224,1.0251,0,1,0,6,6,25.41299999999999,4.93,0
COCOC,-2.93,76.052429496,0.23670000000000002,0,2,2,5,5,18.884999999999998,18.46,0
CCC(CC)O,-4.35,88.088815004,1.1673,1,1,2,6,6,26.58879999999999,20.23,0
CCCCCCCCCC(=O)C,-2.15,170.167065324,3.7161000000000026,0,1,8,12,12,53.29100000000004,17.07,0
C(CBr)Cl,-1.95,141.918489908,1.6201,0,0,1,4,4,24.513999999999996,0.0,0
c1ccc(cc1)I,-1.74,203.94359816,2.291200000000001,0,0,0,7,7,39.15900000000001,0.0,0
CC1=CC(=O)CC(C1)(C)C,-5.18,138.104465068,2.3218000000000005,0,1,0,10,10,41.77900000000002,17.07,0
CCI,-0.74,155.94359816,1.4413,0,0,0,3,3,24.560999999999993,0.0,0
CCCc1ccc(c(c1)OC)O,-5.26,166.099379688,2.3533000000000004,1,2,3,12,12,48.65380000000003,29.46,0
CC(C)Br,-0.48,121.973112324,1.7897,0,0,0,4,4,24.06299999999999,0.0,0
Cc1ccc(cc1)Br,-1.39,169.973112324,2.7575200000000013,0,0,0,8,8,38.87900000000001,0.0,0
c1cc(ccc1C#N)O,-10.17,119.03711378,1.2638799999999994,1,2,0,9,9,32.821799999999996,44.019999999999996,0
CS(=O)(=O)C,-10.08,94.008850432,-0.33919999999999995,0,2,0,5,5,20.767799999999994,34.14,0
CCc1cccc(c1)O,-6.25,122.07316494,1.9545999999999997,1,1,1,9,9,37.48480000000001,20.23,0
CC1=CC[C@H](C[C@@H]1O)C(=C)C,-4.44,152.120115132,2.2797,1,1,1,11,11,47.30180000000002,20.23,0
c1cc(ccc1Br)Br,-2.3,233.867974328,3.2116000000000007,0,0,0,8,8,41.84200000000001,0.0,0
COc1c(ccc(c1C(=O)O)Cl)Cl,-9.86,219.969399412,2.7002000000000006,1,2,2,13,13,49.97330000000001,46.53,0
CC/C=C\C,1.31,70.07825032,1.9725,0,0,1,5,5,25.10499999999999,0.0,0
CC,1.83,30.046950192,1.0262,0,0,0,2,2,11.348000000000003,0.0,0
COc1ccccc1OC,-5.33,138.06807956,1.7038,0,2,2,10,10,39.546000000000014,18.46,0
CCSCC,-1.46,90.05032132,1.7593999999999999,0,1,2,5,5,28.672999999999988,0.0,0
c1cc(cnc1)C#N,-6.75,104.037448128,0.9532799999999999,0,2,0,8,8,28.951999999999998,36.68,0
c1cc(c(cc1O)Cl)Cl,-7.29,161.963920108,2.6990000000000003,1,1,0,9,9,38.12680000000001,20.23,0
COc1ccccc1,-2.45,108.057514876,1.6952,0,1,1,8,8,32.99399999999999,9.23,0
Cc1ccc(c(c1)O)C,-5.91,122.07316494,2.0090399999999997,1,1,0,9,9,37.5808,20.23,0
c1cc(ccc1Cl)Cl,-1.01,145.969005488,2.9934000000000003,0,0,0,8,8,36.46200000000001,0.0,0
C(F)Cl,-0.77,67.982905964,1.1522,0,0,0,3,3,11.828000000000001,0.0,0
CCCC=C,1.68,70.07825032,1.9725,0,0,2,5,5,25.10499999999999,0.0,0
c1cc(c(c(c1Cl)Cl)Cl)Cl,-1.34,213.891060784,4.3002,0,0,0,10,10,46.482000000000006,0.0,0
CCCCCC#C,0.6,96.093900384,2.1999000000000004,0,0,3,7,7,32.97499999999998,0.0,0
CCCCCCCCC(=O)C,-2.34,156.15141526,3.3260000000000023,0,1,7,11,11,48.67400000000003,17.07,0
c1ccc(cc1)Cl,-1.12,112.00797784,2.34,0,0,0,7,7,31.451999999999995,0.0,0
CN(C)CCOC(c1ccccc1)c2ccccc2,-9.34,255.162314292,3.3542000000000023,0,2,6,19,19,79.23300000000006,12.47,0
CCCCC=O,-3.03,86.07316494,1.3755,0,1,3,6,6,25.588999999999988,17.07,0
c1ccc(cc1)Oc2ccccc2,-2.87,170.07316494,3.478900000000001,0,1,2,13,13,52.95800000000003,9.23,0
C1CCC(=O)CC1,-4.91,98.07316494,1.5196,0,1,0,7,7,28.091999999999985,17.07,0
CCCC[N+](=O)[O-],-3.09,103.063328528,1.0632000000000001,0,2,3,7,7,26.76939999999999,43.14,0
c1cnccc1C=O,-7.0,107.03711378,0.8940999999999999,0,2,1,8,8,29.624499999999994,29.96,0
C(CCl)OCCCl,-4.23,141.995220236,1.4806000000000001,0,1,4,7,7,32.258999999999986,9.23,0
CC[N+](=O)[O-],-3.71,75.0320284,0.2829999999999999,0,2,1,5,5,17.5354,43.14,0
c1cc(cnc1)Cl,-4.01,113.003226808,1.7349999999999999,0,1,0,7,7,29.246999999999993,12.89,0
CBr,-0.82,93.941812196,1.0110999999999999,0,0,0,2,2,14.851,0.0,0
CO,-5.1,32.026214748,-0.3915,1,1,0,2,2,8.1428,20.23,0
CCCCCCC=O,-2.67,114.104465068,2.1557000000000004,0,1,5,8,8,34.822999999999986,17.07,0
c1cc(c(c(c1)Cl)c2c(cccc2Cl)Cl)Cl,-2.28,289.922360912,5.967200000000001,0,0,1,16,16,71.91800000000002,0.0,0
c1ccc(c(c1)N)[N+](=O)[O-],-7.37,138.042927432,1.1769999999999998,1,3,1,10,10,37.50880000000001,69.16,0
CN1CCCCC1,-3.88,99.10479941599999,1.1021,0,1,0,7,7,31.34799999999998,3.24,0
CCCCCCCC=O,-2.29,128.120115132,2.5458000000000007,0,1,6,9,9,39.440000000000005,17.07,0
c1ccc(cc1)[N+](=O)[O-],-4.12,123.0320284,1.5947999999999998,0,2,1,9,9,33.0964,43.14,0
C[C@@H]1CC[C@H](C(=O)C1)C(C)C,-2.53,154.135765196,2.6477000000000013,0,1,1,11,11,46.35000000000002,17.07,0
C([C@@H]1[C@H]([C@@H]([C@H]([C@@H](O1)O)O)O)O)O,-25.47,180.063388104,-3.2213999999999987,5,6,1,12,12,35.98599999999999,110.38000000000001,0
CF,-0.22,34.021878316,0.5857,0,0,0,2,2,7.032,0.0,0
CS(=O)C,-9.28,78.013935812,-0.005299999999999971,0,1,0,4,4,19.990399999999998,17.07,0
c1ccc2c(c1)Oc3ccccc3O2,-3.15,184.052429496,3.584600000000002,0,2,0,14,14,53.032000000000025,18.46,0
Cc1ccccc1N,-5.53,107.073499288,1.57722,1,1,0,8,8,35.59139999999999,26.02,0
CCCCBr,-0.4,135.988762388,2.1814,0,0,2,5,5,28.701999999999988,0.0,0
CCCCCCCCCO,-3.88,144.15141526,2.7293000000000016,1,1,7,10,10,45.078800000000015,20.23,0
Cc1ccncc1,-4.93,93.057849224,1.39002,0,1,0,7,7,28.973999999999993,12.89,0
C(=C(Cl)Cl)(Cl)Cl,0.1,163.87541072,3.0682,0,0,0,6,6,30.438000000000002,0.0,0
CC(C)(C)Br,0.84,135.988762388,2.1798,0,0,0,5,5,28.67999999999999,0.0,0
C=C(c1ccccc1)c2ccccc2,-2.78,180.093900384,3.7481000000000018,0,0,2,14,14,61.02000000000004,0.0,0
CCc1ccc(cc1)C,-0.95,120.093900384,2.5574200000000005,0,0,1,9,9,40.557000000000016,0.0,0
Cc1cccnc1,-4.77,93.057849224,1.39002,0,1,0,7,7,28.973999999999993,12.89,0
COCC(OC)(OC)OC,-5.73,150.089208928,0.2258,0,4,5,10,10,35.63399999999999,36.92,0
c1ccc-2c(c1)Cc3c2cccc3,-3.35,166.07825032,3.2578000000000014,0,0,0,13,13,54.684000000000026,0.0,0
CC(=O)N,-9.71,59.03711378,-0.5084,1,1,0,4,4,14.868400000000001,43.09,0
COS(=O)(=O)OC,-5.1,125.99867967200001,-0.476,0,4,2,7,7,22.937799999999992,52.60000000000001,0
C(C(Cl)Cl)(Cl)Cl,-2.37,165.891060784,2.5938000000000008,0,0,1,6,6,30.988,0.0,0
COC(=O)C1CCCCC1,-3.3,142.099379688,1.7397,0,2,1,10,10,38.591,26.3,0
CCCCCCBr,0.18,164.020062516,2.9616000000000016,0,0,4,7,7,37.936,0.0,0
CCCCCCCBr,0.34,178.03571258,3.351700000000002,0,0,5,8,8,42.55300000000001,0.0,0
c1ccc2c(c1)Oc3cccc(c3O2)Cl,-3.52,218.013457144,4.238000000000001,0,2,0,15,15,58.04200000000002,18.46,0
COC(CC#N)(OC)OC,-6.4,145.073893212,0.49307999999999996,0,4,4,10,10,33.98799999999999,51.480000000000004,0
CC[C@H](C)Cl,0.0,92.039277968,2.0237,0,0,1,5,5,25.605999999999987,0.0,0
CCCCCCc1ccccc1,-0.04,162.140850576,3.809400000000003,0,0,5,12,12,54.288000000000046,0.0,0
COc1cc(c(c(c1O)OC)Cl)C=O,-7.78,216.018936448,1.8752999999999997,1,4,3,14,14,51.608300000000014,55.76,0
c1cc(cc(c1)C(F)(F)F)C(F)(F)F,1.07,214.021719448,3.7242000000000006,0,0,0,14,14,36.44600000000001,0.0,0
c1ccc(cc1)Cn2ccnc2,-7.63,158.08439832,1.9313999999999998,0,2,2,12,12,47.77100000000003,17.82,0
c1ccc2c(c1)cccc2N,-7.28,143.073499288,2.4219999999999993,1,1,0,11,11,48.36040000000001,26.02,0
CCOC(=O)CC(=O)OCC,-6.0,160.073558864,0.5027,0,4,4,11,11,37.883,52.60000000000001,0
CC(=O)C1CC1,-4.61,84.057514876,0.9854,0,1,1,6,6,23.40499999999999,17.07,0
c1cc[nH]c1,-4.78,67.04219916,1.0147,1,0,0,5,5,20.792699999999996,15.79,0
c1cc(c(cc1c2ccc(cc2F)F)C(=O)O)O,-9.4,250.044150556,3.035600000000001,2,2,2,18,18,60.41810000000001,57.53,0
CC1CCC(CC1)C,2.11,112.12520051199999,2.832600000000001,0,0,0,8,8,36.79599999999999,0.0,0
C1CCC(CC1)O,-5.46,100.088815004,1.3114,1,1,0,7,7,29.091799999999985,20.23,0
CN(C)CCC=C1c2ccccc2CCc3c1cccc3,-7.43,277.183049736,4.168600000000003,0,1,3,21,21,90.54200000000006,3.24,0
c1cc(ccc1O)F,-6.19,112.032443,1.5312999999999999,1,1,0,8,8,28.064799999999995,20.23,0
c1ccc(c(c1)N)Cl,-4.91,127.01887687199999,1.9222,1,1,0,8,8,35.8644,26.02,0
Cc1ccc(c(c1)C)C,-0.86,120.093900384,2.611860000000001,0,0,0,9,9,40.65300000000001,0.0,0
CCc1ccccc1C,-0.85,120.093900384,2.5574200000000005,0,0,1,9,9,40.557000000000016,0.0,0
C[C@@H]1CC[C@H](CC1=O)C(=C)C,-3.75,152.120115132,2.567800000000001,0,1,1,11,11,46.32600000000002,17.07,0
c1ccc(cc1)c2ccccc2,-2.7,154.07825032,3.353600000000002,0,0,1,12,12,51.87800000000003,0.0,0
Cc1cccc(c1C)O,-6.16,122.07316494,2.00904,1,1,0,9,9,37.5808,20.23,0
COP(=S)(OC)Oc1ccc(cc1)[N+](=O)[O-],-7.19,263.00173005,2.490900000000001,0,6,5,16,16,62.027400000000014,70.83,0
CCOP(=S)(OCC)Oc1ccc(cc1)[N+](=O)[O-],-6.74,291.03303017799993,3.2711000000000023,0,6,7,18,18,71.26140000000002,70.83,0
CCN(CC)c1c(cc(c(c1[N+](=O)[O-])N)C(F)(F)F)[N+](=O)[O-],-5.66,322.08888955599997,2.9502000000000015,1,6,5,22,22,72.72619999999999,115.53999999999999,0
CSC,-1.61,62.019021192,0.9792,0,1,0,3,3,19.438999999999997,0.0,0
C[C@@H](c1cccc(c1)C(=O)c2ccccc2)C(=O)O,-10.78,254.094294308,3.1057000000000006,1,2,4,19,19,72.36730000000003,54.370000000000005,0
C1CCC(C1)O,-5.49,86.07316494,0.9213,1,1,0,6,6,24.47479999999999,20.23,0
CCCCC(=O)OC,-2.56,116.083729624,1.3496000000000001,0,2,3,8,8,31.540999999999983,26.3,0
CCCC(=C)C,1.47,84.093900384,2.3626000000000005,0,0,2,6,6,29.721999999999984,0.0,0
C[C@@H](c1ccc(c(c1)F)c2ccccc2)C(=O)O,-8.42,244.089957876,3.6808000000000023,1,1,3,18,18,67.88680000000004,37.3,0
CCCN(CCC)c1c(cc(cc1[N+](=O)[O-])S(=O)(=O)C)[N+](=O)[O-],-7.98,345.099456328,2.5329000000000006,0,7,8,23,23,85.65560000000004,123.66,0
C=CCl,-0.59,61.992327775999996,1.3687,0,0,0,3,3,16.05,0.0,0
Cc1ccc(cc1)C(=O)N(C)C,-9.76,163.099714036,1.69682,0,1,1,12,12,49.19650000000003,20.310000000000002,0
CCCC(=O)CCC,-2.92,114.104465068,2.1557000000000004,0,1,4,8,8,34.822999999999986,17.07,0
COC(=O)c1ccccc1,-3.92,136.052429496,1.4732,0,2,1,10,10,37.781500000000015,26.3,0
Cc1ccc(cc1)C=O,-4.27,120.057514876,1.80752,0,1,1,9,9,36.566500000000005,17.07,0
CCCC(=O)OCCC,-2.28,130.099379688,1.7397,0,2,4,9,9,36.157999999999994,26.3,0
C1CNCCN1,-7.4,86.08439831999999,-0.8208,2,2,0,6,6,25.739399999999993,24.06,0
CCOP(=S)(OCC)S[C@@H](CCl)N1C(=O)c2ccccc2C1=O,-5.74,393.00251433399995,3.878200000000003,0,6,8,23,23,96.57800000000005,55.84,0
CCOCCO,-6.69,90.06807956,0.015200000000000047,1,2,3,6,6,23.578799999999994,29.46,0
CCC(C)CC,2.51,86.109550448,2.442500000000001,0,0,2,6,6,29.74599999999998,0.0,0
Cc1cnccn1,-5.51,94.053098192,0.7850199999999998,0,2,0,7,7,26.76899999999999,25.78,0
CCC[N+](=O)[O-],-3.34,89.047678464,0.6731,0,2,2,6,6,22.152399999999997,43.14,0
Cc1cc(cc(c1)C)C,-0.9,120.093900384,2.611860000000001,0,0,0,9,9,40.65300000000001,0.0,0
c1c(c(=O)[nH]c(=O)[nH]1)F,-16.92,130.017855556,-0.7977000000000001,2,2,0,9,9,27.641399999999997,65.72,0
CCO,-5.0,46.041864812,-0.0014000000000000123,1,1,0,3,3,12.759800000000002,20.23,0
Cc1ccc(c2c1cccc2)C,-2.82,156.093900384,3.456640000000002,0,0,0,12,12,53.422000000000025,0.0,0
c1c2c(cc(c1Cl)Cl)Oc3cc(c(cc3O2)Cl)Cl,-3.37,319.896540088,6.1982,0,2,0,18,18,73.07200000000002,18.46,0
c1cc(c(c(c1)Cl)C#N)Cl,-4.71,170.964254456,2.8650800000000007,0,1,0,10,10,41.17700000000001,23.79,0
CCOC=O,-2.56,74.036779432,0.17930000000000001,0,2,2,5,5,17.689999999999998,26.3,0
c1c(c(cc(c1Cl)Cl)Cl)Cl,-1.34,213.891060784,4.3002,0,0,0,10,10,46.482000000000006,0.0,0
CCOC(OCC)Oc1ccccc1,-5.23,196.109944372,2.4220000000000006,0,3,6,14,14,54.11000000000004,27.69,0
c1cc(cc(c1)O)[N+](=O)[O-],-9.62,139.02694302,1.3004000000000002,1,3,1,10,10,34.7612,63.370000000000005,0
CCCCCCCCO,-4.09,130.135765196,2.3392000000000013,1,1,6,9,9,40.461800000000004,20.23,0
CCC=C,1.38,56.062600255999996,1.5824,0,0,1,4,4,20.487999999999996,0.0,0
C(Cl)(Cl)(Cl)Cl,0.08,151.87541072,2.5529,0,0,0,5,5,26.143,0.0,0
c1ccc(cc1)CCO,-6.79,122.07316494,1.2213999999999998,1,1,2,9,9,37.23180000000001,20.23,0
CN(C)C(=O)Nc1ccccc1,-9.13,164.094963004,1.7801,1,1,1,12,12,49.14770000000003,32.34,0
CSSC,-1.83,93.991092192,1.6274,0,2,1,4,4,27.029999999999994,0.0,0
C1C=CC[C@@H]2[C@@H]1C(=O)N(C2=O)SC(Cl)(Cl)Cl,-9.01,298.934132536,2.9135000000000018,0,3,1,16,16,65.08800000000002,37.38,0
CC(=O)OCC(COC(=O)C)OC(=O)C,-8.84,218.079038168,0.044299999999999784,0,6,5,15,15,48.82000000000003,78.9,0
COC,-1.91,46.041864812,0.26260000000000006,0,1,0,3,3,12.933000000000002,9.23,0
CCCCCC,2.48,86.109550448,2.5866000000000007,0,0,3,6,6,29.81599999999998,0.0,0
C(CBr)Br,-2.33,185.867974328,1.7762,0,0,1,4,4,27.587999999999994,0.0,0
C(C(Cl)(Cl)Cl)(Cl)Cl,-1.23,199.852088432,3.1603000000000003,0,0,0,7,7,35.784000000000006,0.0,0
c1c(c(=O)[nH]c(=O)[nH]1)C(F)(F)F,-15.46,180.014661996,0.08199999999999996,2,2,0,12,12,32.6854,65.72,0
Cc1cccc(c1N)C,-5.21,121.08914935199999,1.88564,1,1,0,9,9,40.32840000000001,26.02,0
CCCOC(=O)C,-2.79,102.06807956,0.9595,0,2,2,7,7,26.923999999999985,26.3,0
c1ccc2c(c1)cccn2,-5.72,129.057849224,2.2348,0,1,0,10,10,41.743000000000016,12.89,0
CCS,-1.14,62.019021192,0.9360999999999999,1,1,0,3,3,19.526999999999997,0.0,0
CCSSCC,-1.64,122.02239232,2.4076000000000004,0,2,3,6,6,36.264,0.0,0
c1ccsc1,-1.4,84.003371128,1.7480999999999998,0,1,0,5,5,24.318999999999996,0.0,0
CCc1cccc2c1cccc2,-2.4,156.093900384,3.4022000000000023,0,0,1,12,12,53.32600000000003,0.0,0
CCCC(=O)C,-3.52,86.07316494,1.3755,0,1,2,6,6,25.588999999999988,17.07,0
c1c(c(c(c(c1Cl)Cl)Cl)Cl)c2c(cc(c(c2Cl)Cl)Cl)Cl,-4.61,425.766471504,8.580799999999998,0,0,1,20,20,91.958,0.0,0
CCC[N@@](CC1CC1)c2c(cc(cc2[N+](=O)[O-])C(F)(F)F)[N+](=O)[O-],-2.45,347.10929065199997,4.148200000000004,0,5,7,24,24,79.9808,89.52,0
CC(=O)O,-6.69,60.021129368000004,0.09089999999999993,1,1,0,4,4,13.309800000000001,37.3,0
CC=O,-3.5,44.026214748,0.2052,0,1,0,3,3,11.738000000000001,17.07,0
c1cc(cc(c1)[N+](=O)[O-])N,-8.84,138.042927432,1.1769999999999998,1,3,1,10,10,37.50880000000001,69.16,0
CCCCC#C,0.29,82.07825032,1.8098,0,0,2,6,6,28.357999999999986,0.0,0
COc1ccccc1N,-6.12,123.068413908,1.2773999999999999,1,2,1,9,9,37.4064,35.25,0
c1ccc(cc1)O,-6.6,94.041864812,1.3921999999999997,1,1,0,7,7,28.106799999999993,20.23,0
CCC#N,-3.84,55.042199159999996,0.91998,0,1,0,4,4,15.904000000000002,23.79,0
c1ccc2c(c1)cccc2O,-7.67,144.057514876,2.545400000000001,1,1,0,11,11,45.61280000000002,20.23,0
CCCCOC(=O)C,-2.64,116.083729624,1.3496000000000001,0,2,3,8,8,31.540999999999983,26.3,0
CC(C)(/C=N\OC(=O)NC)SC,-9.84,190.077598688,1.4698,1,4,3,12,12,51.62670000000003,50.69,0
Cc1ccccc1O,-5.9,108.057514876,1.70062,1,1,0,8,8,32.843799999999995,20.23,0
CC(C)C=O,-2.86,72.057514876,0.8412999999999999,0,1,1,5,5,20.901999999999994,17.07,0
CCC(=O)N,-9.4,73.052763844,-0.11829999999999996,1,1,1,5,5,19.485400000000002,43.09,0
CCCBr,-0.56,121.973112324,1.7913000000000001,0,0,1,4,4,24.08499999999999,0.0,0
CC(C)Cl,-0.25,78.023627904,1.6336,0,0,0,4,4,20.988999999999994,0.0,0
C(CCl)CCl,-1.89,111.98465555199999,1.8540999999999999,0,0,2,5,5,26.05699999999999,0.0,0
c1cc(ccc1[N+](=O)[O-])O,-10.64,139.02694302,1.3003999999999998,1,3,1,10,10,34.7612,63.370000000000005,0
C[C@@H](CCl)Cl,-1.27,111.98465555199999,1.8525,0,0,1,5,5,26.03499999999999,0.0,0
c1cc(ccc1N)Cl,-5.9,127.01887687199999,1.9222,1,1,0,8,8,35.864399999999996,26.02,0
c1ccc2c(c1)C(=O)c3cccc(c3C2=O)N,-9.44,223.063328528,2.0441999999999996,1,3,0,17,17,64.16140000000001,60.16,0
Cc1cccnc1C,-4.82,107.073499288,1.69844,0,1,0,8,8,33.71099999999999,12.89,0
c1cnccc1C#N,-6.02,104.037448128,0.9532799999999999,0,2,0,8,8,28.951999999999998,36.68,0
CCOP(=S)(OCC)SCSCC,-4.37,260.012829414,3.727700000000003,0,5,8,13,13,68.12700000000004,18.46,0
CC(=O)C1CCCCC1,-3.9,126.104465068,2.1557000000000004,0,1,1,9,9,37.25599999999999,17.07,0
Cc1ccccc1C=O,-3.93,120.057514876,1.80752,0,1,1,9,9,36.566500000000005,17.07,0
CC(=O)c1ccncc1,-7.62,121.052763844,1.2842,0,2,1,9,9,34.2415,29.96,0
c1c2c(cc(c1Cl)Cl)Oc3c(c(c(c(c3Cl)Cl)Cl)Cl)O2,-3.71,387.81859538399993,7.504999999999999,0,2,0,20,20,83.092,18.46,0
CC(=O)C,-3.8,58.041864812,0.5952999999999999,0,1,0,4,4,16.355,17.07,0
CC(=C)C,1.16,56.062600255999996,1.5824,0,0,0,4,4,20.487999999999996,0.0,0
c1cc(c(cc1Cl)c2cc(c(c(c2)Cl)Cl)Cl)Cl,-3.61,323.88338856,6.6206000000000005,0,0,1,17,17,76.92800000000001,0.0,0
CCCCC[N+](=O)[O-],-2.82,117.078978592,1.4533,0,2,4,8,8,31.386399999999988,43.14,0
CCC/C=C/C=O,-3.68,98.07316494,1.5416,0,1,3,7,7,30.111999999999988,17.07,0
CN(C)C(=O)c1ccc(cc1)[N+](=O)[O-],-11.95,194.06914218,1.2966,0,3,2,14,14,51.113900000000015,63.45,0
C1CCOC1,-3.47,72.057514876,0.7968,0,1,0,5,5,20.052999999999997,9.23,0
CCCCCCCC,2.88,114.14085057599999,3.3668000000000022,0,0,5,8,8,39.05,0.0,0
CCCN(CCC)c1c(cc(cc1[N+](=O)[O-])C(F)(F)F)[N+](=O)[O-],-3.25,335.10929065199997,4.148200000000004,0,5,7,23,23,77.54780000000001,89.52,0
CC(=CCC[C@](C)(C=C)OC(=O)C)C,-2.49,196.14632988,3.2406000000000024,0,2,5,14,14,59.03300000000004,26.3,0
C[C@@H](CCO[N+](=O)[O-])O[N+](=O)[O-],-4.29,180.038235976,0.18159999999999987,0,6,6,12,12,35.104800000000004,104.74000000000001,0
CC(C)OC(C)C,-0.53,102.104465068,1.8197999999999999,0,1,2,7,7,31.356999999999978,9.23,0
CCCCC(C)C,2.93,100.12520051199999,2.832600000000001,0,0,3,7,7,34.362999999999985,0.0,0
c1(c(c(c(c(c1Cl)Cl)Cl)Cl)Cl)N(=O)=O,-5.22,292.83716663999996,4.8618,0,2,1,14,14,58.1464,43.14,0
[C@@H](C(F)(F)F)(Cl)Br,-0.11,195.890224472,2.5084999999999997,0,0,0,7,7,24.623,0.0,0
CCCCOCCCC,-0.83,130.135765196,2.603200000000001,0,1,6,9,9,40.635000000000005,9.23,0
CCCCCC1CCCC1,2.55,140.15650064,3.7569000000000026,0,0,4,10,10,46.10000000000002,0.0,0
CC(C)CC(C)C,2.83,100.12520051199999,2.6885000000000012,0,0,2,7,7,34.292999999999985,0.0,0
Cc1ccc(nc1)C,-4.72,107.073499288,1.69844,0,1,0,8,8,33.71099999999999,12.89,0
C/C=C/C=O,-4.22,70.041864812,0.7614000000000001,0,1,1,5,5,20.877999999999993,17.07,0
CCC[C@H](C)CC,2.71,100.12520051199999,2.832600000000001,0,0,3,7,7,34.362999999999985,0.0,0
c1cc(c(c(c1)Cl)c2c(cc(cc2Cl)Cl)Cl)Cl,-1.96,323.88338856,6.6206000000000005,0,0,1,17,17,76.92800000000001,0.0,0
c1ccc(cc1)O[C@@H](C(F)F)F,-1.29,176.044899504,2.6261,0,1,3,12,12,37.97000000000001,9.23,0
COCCOC,-4.84,90.06807956,0.2792,0,2,3,6,6,23.751999999999992,18.46,0
CC[C@H](C)c1ccccc1,-0.45,134.109550448,3.2001000000000017,0,0,2,10,10,45.14800000000003,0.0,0
c1ccc(cc1)CCCO,-6.92,136.088815004,1.6115000000000002,1,1,3,10,10,41.84880000000002,20.23,0
CC[C@@H](C)c1cc(cc(c1O)[N+](=O)[O-])[N+](=O)[O-],-6.23,240.074621484,2.7221000000000024,1,5,4,17,17,60.121600000000015,106.51000000000002,0
COc1ccc(cc1)C(=O)OC,-5.33,166.06299418,1.4818,0,3,2,12,12,44.33350000000002,35.53,0
CCC(=O)Nc1ccc(c(c1)Cl)Cl,-7.78,217.006119268,3.3419000000000016,1,1,2,13,13,55.38270000000002,29.1,0
C[C@@H](c1ccc2cc(ccc2c1)OC)C(=O)O,-10.21,230.094294308,3.036500000000001,1,2,3,17,17,66.55080000000004,46.53,0
C1(C(C(C1(F)F)(F)F)(F)F)(F)F,3.43,199.98722576,2.5412,0,0,0,12,12,19.788000000000004,0.0,0
CC(C)CCOC(=O)C,-2.21,130.099379688,1.5956000000000001,0,2,3,9,9,36.087999999999994,26.3,0
CCCCCCCl,0.0,120.07057809599999,2.805500000000001,0,0,4,7,7,34.861999999999995,0.0,0
CC(C)CC(=O)C,-3.05,100.088815004,1.6215,0,1,2,7,7,30.13599999999998,17.07,0
CCCCCC=O,-2.81,100.088815004,1.7656,0,1,4,7,7,30.20599999999998,17.07,0
c1cc(cc(c1)Cl)N,-5.82,127.01887687199999,1.9222,1,1,0,8,8,35.864399999999996,26.02,0
C1COCCN1,-7.17,87.068413908,-0.3938000000000001,1,2,0,6,6,23.688699999999994,21.259999999999998,0
CCOC(C)OCC,-3.28,118.099379688,1.4054,0,2,4,8,8,32.713999999999984,18.46,0
CCCC[N@](CC)c1c(cc(cc1[N+](=O)[O-])C(F)(F)F)[N+](=O)[O-],-3.51,335.10929065199997,4.148200000000004,0,5,7,23,23,77.54780000000001,89.52,0
CS,-1.2,48.003371128,0.546,1,1,0,2,2,14.910000000000002,0.0,0
C1[C@@H]2[C@H](COS(=O)O1)[C@@]3(C(=C([C@]2(C3(Cl)Cl)Cl)Cl)Cl)Cl,-4.23,403.816881132,3.689800000000001,0,3,0,19,19,77.36340000000001,35.53,0
CC(=O)c1ccc(cc1)OC,-4.4,150.06807956,1.8978,0,2,2,11,11,42.99850000000002,26.3,0
C=CCO,-5.03,58.041864812,0.1647,1,1,1,4,4,17.2828,20.23,0
CCSC,-1.5,76.034671256,1.3693,0,1,1,4,4,24.05599999999999,0.0,0
CCCCCOC(=O)C,-2.51,130.099379688,1.7397,0,2,4,9,9,36.157999999999994,26.3,0
c1c(cc(c(c1Cl)Cl)Cl)Cl,-1.62,213.891060784,4.3002,0,0,0,10,10,46.482000000000006,0.0,0
CC(=O)c1ccccc1,-4.58,120.057514876,1.8892,0,1,1,9,9,36.44650000000001,17.07,0
CCCl,-0.63,64.00797784,1.2451,0,0,0,3,3,16.394000000000002,0.0,0
CCCC1CCCC1,2.13,112.12520051199999,2.976700000000002,0,0,2,8,8,36.86599999999999,0.0,0
c1c(cc(cc1Cl)Cl)Cl,-0.78,179.930033136,3.6468000000000007,0,0,0,9,9,41.47200000000001,0.0,0
CCCOC(=O)c1ccc(cc1)O,-9.37,180.078644244,1.959,1,3,3,13,13,48.68030000000003,46.53,0
c1cc(cc(c1)Cl)O,-6.62,128.00289246,2.0456,1,1,0,8,8,33.1168,20.23,0
CC(C)CCO,-4.42,88.088815004,1.0248,1,1,2,6,6,26.54079999999999,20.23,0
CCCCCN,-4.09,87.10479941599999,1.1353,1,1,3,6,6,28.57939999999999,26.02,0
Cc1c(c(=O)n(c(=O)[nH]1)C(C)(C)C)Cl,-11.14,216.066555336,1.2534199999999995,1,3,0,14,14,56.06570000000002,54.86,0
CC(C)CCC(C)(C)C,2.93,128.15650064,3.468700000000003,0,0,2,9,9,43.52700000000001,0.0,0
CCCCOCCO,-6.25,118.099379688,0.7953999999999999,1,2,5,8,8,32.81279999999998,29.46,0
C1[C@@H]2[C@H]3[C@@H]([C@H]1[C@H]4[C@@H]2O4)[C@@]5(C(=C([C@]3(C5(Cl)Cl)Cl)Cl)Cl)Cl,-4.82,377.87063095599996,4.481400000000002,0,1,0,19,19,77.57500000000002,12.53,0
c1ccc(cc1)C(=O)N,-11.0,121.052763844,0.7855000000000001,1,1,1,9,9,34.9599,43.09,0
CC(C)[N+](=O)[O-],-3.13,89.047678464,0.6715,0,2,1,6,6,22.130399999999995,43.14,0
C(C(CO)O)O,-13.43,92.047344116,-1.6681000000000001,3,3,2,6,6,20.178400000000003,60.69,0
CCCI,-0.53,169.959248224,1.8314,0,0,1,4,4,29.17799999999999,0.0,0
COCCN,-6.55,75.068413908,-0.4084999999999998,1,2,2,5,5,20.930400000000002,35.25,0
C(C(Cl)(Cl)Cl)Cl,-1.43,165.891060784,2.5954000000000006,0,0,0,6,6,31.009999999999998,0.0,0
CCC(=O)OC,-2.93,88.052429496,0.5694,0,2,1,6,6,22.30699999999999,26.3,0
C1CCCC1,1.2,70.07825032,1.9505000000000001,0,0,0,5,5,23.084999999999994,0.0,0
CCc1cccnc1,-4.59,107.073499288,1.644,0,1,1,8,8,33.614999999999995,12.89,0
Cc1cc(cnc1)C,-4.84,107.073499288,1.69844,0,1,0,8,8,33.71099999999999,12.89,0
COCCO,-6.619999999999999,76.052429496,-0.37489999999999996,1,2,2,5,5,18.9618,29.46,0
COC=O,-2.78,60.021129368000004,-0.2108000000000001,0,2,1,4,4,13.073,26.3,0
c1ccc2cc(ccc2c1)N,-7.47,143.073499288,2.4219999999999997,1,1,0,11,11,48.36040000000002,26.02,0
Cc1c[nH]cn1,-10.27,82.053098192,0.7181199999999999,1,1,0,6,6,23.324699999999993,28.68,0
Cc1cccc(c1)[N+](=O)[O-],-3.45,137.047678464,1.90322,0,2,1,10,10,37.83340000000001,43.14,0
C(CCCl)CCl,-2.32,126.00030561599999,2.2442,0,0,3,6,6,30.673999999999992,0.0,0
CC(=O)CO[N+](=O)[O-],-5.99,119.02185764000001,-0.21630000000000005,0,4,3,8,8,23.627399999999994,69.44,0
CC(C)(C)c1ccccc1,-0.44,134.109550448,2.9841000000000015,0,0,0,10,10,45.14200000000003,0.0,0
CCCCCC(=O)OC,-2.49,130.099379688,1.7397,0,2,4,9,9,36.157999999999994,26.3,0
C[C@@H](C(F)(F)F)O,-4.16,114.02924944,0.9295,1,1,0,7,7,17.7358,20.23,0
CCCCCBr,-0.1,150.004412452,2.5715000000000012,0,0,3,6,6,33.31899999999999,0.0,0
CCCCCCC=C,1.92,112.12520051199999,3.142800000000002,0,0,5,8,8,38.955999999999996,0.0,0
CC1=CC(=O)[C@@H](CC1)C(C)C,-4.51,152.120115132,2.567800000000001,0,1,1,11,11,46.32600000000003,17.07,0
CC(C)O,-4.74,60.057514876,0.38710000000000006,1,1,0,4,4,17.354800000000004,20.23,0
CCCCCCN,-3.95,101.12044947999999,1.5253999999999999,1,1,4,7,7,33.19639999999998,26.02,0
C(CO[N+](=O)[O-])CO[N+](=O)[O-],-4.8,166.022585912,-0.20690000000000008,0,6,6,11,11,30.509799999999995,104.74000000000001,0
Cc1ccc(c(c1)C)O,-6.01,122.07316494,2.00904,1,1,0,9,9,37.5808,20.23,0
CCCCCO,-4.57,88.088815004,1.1689,1,1,3,6,6,26.61079999999999,20.23,0
CCC[C@@H](C)O,-4.39,88.088815004,1.1673,1,1,2,6,6,26.58879999999999,20.23,0
CCCC[C@@H](C)CC,2.97,114.14085057599999,3.2227000000000023,0,0,4,8,8,38.98,0.0,0
C[C@@H](c1ccc(cc1)CC(C)C)C(=O)O,-7.0,206.130679816,3.073200000000001,1,1,4,15,15,61.03480000000003,37.3,0
CCOC(=O)C[C@H](C(=O)OCC)SP(=S)(OC)OC,-8.15,330.036066958,2.1218000000000004,0,8,9,19,19,77.56500000000004,71.06000000000002,0
Cc1ccc(cc1C)O,-6.5,122.07316494,2.00904,1,1,0,9,9,37.5808,20.23,0
Cc1cc(ccc1Cl)O,-6.79,142.018542524,2.3540200000000016,1,1,0,9,9,37.85380000000001,20.23,0
CCCC/C=C/C,1.68,98.109550448,2.752700000000001,0,0,3,7,7,34.33899999999999,0.0,0
CCCOCCC,-1.16,102.104465068,1.823,0,1,4,7,7,31.400999999999982,9.23,0
C[C@@H]1CC[C@H]([C@@H](C1)O)C(C)C,-3.2,156.15141526,2.4395000000000007,1,1,1,11,11,47.34980000000002,20.23,0
CCNc1nc(nc(n1)SC)NC(C)(C)C,-6.68,241.13611660799998,2.2356999999999996,2,6,4,16,16,69.14740000000003,62.730000000000004,0
CC(C)CC(C)(C)C,2.89,114.14085057599999,3.0786000000000016,0,0,1,8,8,38.91,0.0,0
CCCCC(=O)CCCC,-2.64,142.135765196,2.935900000000001,0,1,6,10,10,44.057000000000016,17.07,0
CCCCN(CC)C(=O)SCCC,-3.64,203.134385292,3.3716000000000026,0,2,6,13,13,60.30000000000004,20.310000000000002,0
CCCCCC=C,1.66,98.109550448,2.752700000000001,0,0,4,7,7,34.338999999999984,0.0,0
CC(C)OC=O,-2.02,88.052429496,0.5678,0,2,2,6,6,22.284999999999993,26.3,0
CC(OC(=O)C)OC(=O)C,-4.97,146.0579088,0.4586,0,4,2,10,10,32.993999999999986,52.6,0
c1c(c(=O)[nH]c(=O)[nH]1)Cl,-17.74,145.988305016,-0.2834,2,2,0,9,9,32.6934,65.72,0
CC(=C)c1ccccc1,-1.24,118.07825032,2.7197000000000005,0,0,1,9,9,41.15000000000002,0.0,0
CCC(C)C,2.38,72.093900384,2.0524,0,0,1,5,5,25.12899999999999,0.0,0
CCCCO[N+](=O)[O-],-2.09,119.058243148,0.9948,0,3,4,8,8,27.85439999999999,52.370000000000005,0
c1ccc(cc1)Br,-1.46,155.95746226,2.4491000000000005,0,0,0,7,7,34.142,0.0,0
CC(Cl)(Cl)Cl,-0.19,131.930033136,2.376500000000001,0,0,0,5,5,25.963999999999995,0.0,0
CC(=C)[C@H]1CCC(=CC1)C=O,-4.09,150.104465068,2.4879000000000007,0,1,2,11,11,46.30200000000003,17.07,0
Cc1ccccc1[N+](=O)[O-],-3.58,137.047678464,1.9032200000000001,0,2,1,10,10,37.83340000000001,43.14,0
CCCCCCCI,0.27,226.02184848,3.3918000000000026,0,0,5,8,8,47.64600000000003,0.0,0
c1cc2ccc3cccc4c3c2c(c1)cc4,-4.52,202.07825032,4.584000000000002,0,0,0,16,16,70.14600000000003,0.0,0
CCCCCCl,-0.1,106.05492803199999,2.415400000000001,0,0,3,6,6,30.244999999999987,0.0,0
CC(C)COC(=O)C,-2.36,116.083729624,1.2055,0,2,2,8,8,31.470999999999982,26.3,0
CCC(C)(C)C,2.51,86.109550448,2.442500000000001,0,0,0,6,6,29.74599999999998,0.0,0
c1cc(ccc1N)N(=O)=O,-9.82,138.042927432,1.177,1,3,1,10,10,37.5088,69.16,0
COC(=O)CC#N,-6.72,99.0320284,0.07307999999999992,0,3,1,7,7,22.24599999999999,50.09,0
COc1ccc(cc1)N,-7.48,123.068413908,1.2773999999999999,1,2,1,9,9,37.4064,35.25,0
CC(C)Cc1ccccc1,0.16,134.109550448,2.8851000000000013,0,0,2,10,10,44.98400000000003,0.0,0
c1ccc(cc1)c2c(cc(cc2Cl)Cl)Cl,-2.16,255.961333264,5.313800000000001,0,0,1,15,15,66.90800000000002,0.0,0
CN,-4.55,31.042199159999996,-0.4251,1,1,0,2,2,10.111400000000001,26.02,0
c1ccc(c(c1)O)Cl,-4.55,128.00289246,2.0456,1,1,0,8,8,33.1168,20.23,0
c1ccc2c(c1)C(=O)c3ccc(cc3C2=O)N,-11.53,223.063328528,2.0441999999999996,1,3,0,17,17,64.16140000000001,60.16,0
C(=C\Cl)\Cl,-1.17,95.953355424,1.9352,0,0,0,4,4,20.845999999999997,0.0,0
CCCCC(=O)C,-3.28,100.088815004,1.7656,0,1,3,7,7,30.20599999999998,17.07,0
C(CO[N+](=O)[O-])O[N+](=O)[O-],-5.73,152.006935848,-0.597,0,6,5,10,10,25.892799999999998,104.74000000000001,0
c1ccc(c(c1)O)F,-5.29,112.032443,1.5312999999999997,1,1,0,8,8,28.064799999999995,20.23,0
Cc1c(nc(nc1OC(=O)N(C)C)N(C)C)C,-9.41,238.142975816,1.2198399999999998,0,5,2,17,17,65.54400000000004,58.56000000000001,0
C=Cc1ccccc1,-1.24,104.062600256,2.3296,0,0,1,8,8,36.53300000000001,0.0,0
CCOP(=O)(OCC)OCC,-7.5,182.07079559,2.2039999999999997,0,4,6,11,11,42.48450000000001,44.760000000000005,0
C(C(F)(F)F)O,-4.31,100.013599376,0.5410000000000001,1,1,0,6,6,13.140800000000002,20.23,0
CCCCOC[C@H](C)O,-5.73,132.115029752,1.1839,1,2,5,9,9,37.407799999999995,29.46,0
CCCO,-4.85,60.057514876,0.3887,1,1,1,4,4,17.376800000000003,20.23,0
Cc1ccccc1C,-0.9,106.07825032,2.30344,0,0,0,8,8,35.916,0.0,0
CC(C)(C)C,2.51,72.093900384,2.0524,0,0,0,5,5,25.12899999999999,0.0,0
CCCC#C,0.01,68.062600256,1.4197,0,0,1,5,5,23.74099999999999,0.0,0
c1ccc2c(c1)C(=O)NC2=O,-9.61,147.0320284,0.5702,1,2,0,11,11,38.23870000000001,46.17,0
CCCCI,-0.25,183.974898288,2.2215,0,0,2,5,5,33.794999999999995,0.0,0
Cc1ccc(cc1)O,-6.13,108.057514876,1.7006199999999996,1,1,0,8,8,32.843799999999995,20.23,0
CC(C)I,-0.46,169.959248224,1.8298,0,0,0,4,4,29.155999999999988,0.0,0
COc1ccccc1O,-5.94,124.052429496,1.4008,1,2,1,9,9,34.6588,29.46,0
C1CC=CC1,0.56,68.062600256,1.7265,0,0,0,5,5,22.990999999999993,0.0,0
C[C@H](C(F)(F)F)O,-4.2,114.02924944,0.9295,1,1,0,7,7,17.7358,20.23,0
CCCN,-4.39,59.073499287999994,0.3551000000000001,1,1,1,4,4,19.345400000000005,26.02,0
c1ccc(c(c1)[N+](=O)[O-])O,-4.58,139.02694302,1.3003999999999998,1,3,1,10,10,34.7612,63.370000000000005,0
Cc1cccc2c1cccc2,-2.44,142.07825032,3.148220000000001,0,0,0,11,11,48.685000000000024,0.0,0
c1(c(c(c(c(c1Cl)Cl)Cl)Cl)Cl)Cl,-2.33,281.81311608,5.606999999999999,0,0,0,12,12,56.50200000000001,0.0,0
CCCCC/C=C/C=O,-3.43,126.104465068,2.3218000000000005,0,1,5,9,9,39.346,17.07,0
CCCCCCC#C,0.71,110.109550448,2.5900000000000007,0,0,4,8,8,37.592,0.0,0
CCOP(=S)(OCC)Oc1cc(nc(n1)C(C)C)C,-6.48,304.101050162,3.5847200000000026,0,6,7,19,19,79.02300000000004,53.47,0
CCCCCCCC(=O)OC,-2.04,158.130679816,2.5199000000000007,0,2,6,11,11,45.39200000000002,26.3,0
C1CCNC1,-5.48,71.073499288,0.36979999999999996,1,1,0,5,5,22.103699999999996,12.03,0
c1cc(ccc1C=O)O,-8.83,122.036779432,1.2046999999999997,1,2,1,9,9,33.494299999999996,37.3,0
CCCCCCCCl,0.29,134.08622816,3.1956000000000016,0,0,5,8,8,39.479000000000006,0.0,0
C1COCCO1,-5.06,88.052429496,0.03320000000000001,0,2,0,6,6,21.637999999999995,18.46,0
